sentiment,text,user
"positive","RT @mainak_bardhan: Asking the right type of #question\nis most important step &amp; can drive our all efforts to a #novel and #interesting #dis‚Ä¶","epuujee"
"positive","RT @mainak_bardhan: Asking the right type of #question\nis most important step &amp; can drive our all efforts to a #novel and #interesting #dis‚Ä¶","CompChemBioBot"
"positive","RT @Belpy2021: The world is one big data problem . As the saying goes \"Data is the new science.Big Data holds the answers\" here we present‚Ä¶","epuujee"
"positive","Asking the right type of #question\nis most important step &amp; can drive our all efforts to a #novel and #interesting‚Ä¶ https://t.co/IHnmTvlTR6","mainak_bardhan"
"positive","RT @Belpy2021: The world is one big data problem . As the saying goes \"Data is the new science.Big Data holds the answers\" here we present‚Ä¶","undefinedzack"
"positive","RT @Belpy2021: The world is one big data problem . As the saying goes \"Data is the new science.Big Data holds the answers\" here we present‚Ä¶","iPythonistaBot"
"positive","RT @nikhilnarayanan: A young enthu chap ‚Äî MSc Cognitive Science from IIT Gandhi Nagar, and with a year+ experience on a medical data projec‚Ä¶","malapati"
"positive","RT @Belpy2021: The world is one big data problem . As the saying goes \"Data is the new science.Big Data holds the answers\" here we present‚Ä¶","shiddu"
"neutral","RT @chidambara09: #Biomedical Data  https://t.co/CPxBvAXPQ5 \nby Swayanshu SP\n\n#bigdata\n#AI #LiNKEDiN #IIoT #IoT #Tech #Linux #UK #javaScrip‚Ä¶","30xcodes"
"positive","RT @GRHutchinson: Thank you for your comments. This is how science improves, by dialogue and discussion. This time we are in of ‚ÄúI‚Äôm right,‚Ä¶","DrSmartbat"
"neutral","RT @chidambara09: #Biomedical Data  https://t.co/CPxBvAXPQ5 \nby Swayanshu SP\n\n#bigdata\n#AI #LiNKEDiN #IIoT #IoT #Tech #Linux #UK #javaScrip‚Ä¶","morolswediu"
"neutral","RT @ganbhag: @pseudo_sapiens Now you will have to participate in duel with gundas, contract killers, extortion kings and pogrom managers ,‚Ä¶","epuujee"
"neutral","RT @chidambara09: #Biomedical Data  https://t.co/CPxBvAXPQ5 \nby Swayanshu SP\n\n#bigdata\n#AI #LiNKEDiN #IIoT #IoT #Tech #Linux #UK #javaScrip‚Ä¶","KeesmanMatthijs"
"neutral","RT @ganbhag: @pseudo_sapiens Now you will have to participate in duel with gundas, contract killers, extortion kings and pogrom managers ,‚Ä¶","ganbhag"
"neutral","@pseudo_sapiens Now you will have to participate in duel with gundas, contract killers, extortion kings and pogrom‚Ä¶ https://t.co/sfjlt4caRI","ganbhag"
"neutral","RT @lunamoth: Dish Dragon AI - Data Science for Dinner | What goes well with what? https://t.co/jjD4iEWvYs","lunamoth"
"negative","@themoogs83 @BBCScotlandNews @NicolaSturgeon An approach based on trying to correct the poor decisions made in Marc‚Ä¶ https://t.co/HuQnqpalHZ","magd36"
"positive","RT @AmjadFalki: How friends can write abc and efg is out of 20 squad lol üòÇ. Chhey 16 la squad anounvce let doo cheay 25 la, any thing over‚Ä¶","epuujee"
"positive","How friends can write abc and efg is out of 20 squad lol üòÇ. Chhey 16 la squad anounvce let doo cheay 25 la, any thi‚Ä¶ https://t.co/rcjWObI7Mf","AmjadFalki"
"neutral","@EcoSenseNow Trolling is the millennials preferred form of communication. The art of civil discussion has died. \n\nT‚Ä¶ https://t.co/p40YxgIO5I","LEMMINGINVESTOR"
"positive","RT @GRHutchinson: Thank you for your comments. This is how science improves, by dialogue and discussion. This time we are in of ‚ÄúI‚Äôm right,‚Ä¶","Joffreybvn"
"positive","RT @ScienceFest: #ISMO2021: Understanding public health through social media data! Join us in conversation with @rumichunara @nyuniversity‚Ä¶","PublicHealthBot"
"positive","RT @Invest_For_Good: Asset manager @blackrock is working to help portfolio managers project the impact of climate change on their investmen‚Ä¶","epuujee"
"positive","RT @ipfconline1: Microsoft Partners With Netflix To Create New #DataScience Learning Modules \n\nhttps://t.co/Az57MyeuSk via @analyticsindiam‚Ä¶","jblefevre60"
"neutral","Asset manager @blackrock is working to help portfolio managers project the impact of climate change on their invest‚Ä¶ https://t.co/MRqjyPj3W2","Invest_For_Good"
"neutral","@Est_1875 @RedPete07 @sharpe_nikki @mrdanwalker No it doesn‚Äôt. The Israel data had been misinterpreted. Pfizer data‚Ä¶ https://t.co/LAzrvbVHaC","science_guy5"
"positive","Microsoft Partners With Netflix To Create New #DataScience Learning Modules \n\nhttps://t.co/Az57MyeuSk via‚Ä¶ https://t.co/F9oneKlNiX","ipfconline1"
"positive","@patrickdoupe @jermainkaminski Nice! Just proposed an elective \"Causal Data Science for Business Decision Making\" h‚Ä¶ https://t.co/wLeC77IESL","PHuenermund"
"neutral","@Dannyjgb1977 @newsjunkieuk @mr_andyhughes @Peston @neil_ferguson I have said I don't know. However, people who kno‚Ä¶ https://t.co/v1NgFLGX7L","TeaJunkie1"
"positive","RT @benedictecallan: Nice thread about the cross-over from industrial climate denial to denial of reality to advance voter fraud. The legal‚Ä¶","epuujee"
"positive","RT @benedictecallan: Nice thread about the cross-over from industrial climate denial to denial of reality to advance voter fraud. The legal‚Ä¶","mlavelles"
"positive","RT @UoL_UGrad_LSE: The University of London now offers supported online degrees in fields like economics, business and management, and data‚Ä¶","KantDiwakar"
"negative","What does a typical day as a #DataScientist in #eCommerce look like?\n\nFind out directly from our insider‚Ä¶ https://t.co/n38WJbNc2s","neptune_ai"
"positive","RT @ScienceFest: #ISMO2021: Understanding public health through social media data! Join us in conversation with @rumichunara @nyuniversity‚Ä¶","epuujee"
"positive","#ISMO2021: Understanding public health through social media data! Join us in conversation with @rumichunara‚Ä¶ https://t.co/2eOOh6IA7i","ScienceFest"
"neutral","RT @CatherineAdenle: Data Science and Machine Learning : #MachineLearning Overview.\nhttps://t.co/q1tNGjgVkN\n\n#DataScience #ML #AI #100DaysO‚Ä¶","CoderRetweet"
"positive","RT @GRHutchinson: Thank you for your comments. This is how science improves, by dialogue and discussion. This time we are in of ‚ÄúI‚Äôm right,‚Ä¶","6631andrew"
"positive","RT @UoL_UGrad_LSE: The University of London now offers supported online degrees in fields like economics, business and management, and data‚Ä¶","iyiolkalbim"
"positive","RT @EssayPaperUK: GEOPHYS 6001 Missouri Science &amp; Technology Advanced Geophysical Data Analysis ‚Äì Assignment¬†Help https://t.co/t3NYUsFZpB","epuujee"
"neutral","RT @actuaryjobtweet: Assistant Director, Data Science / Director I, Data Science - Boston, Massachusetts - Liberty Mutual Insurance https:/‚Ä¶","epuujee"
"neutral","RT @byLilyV: #FEATURED #COURSES\n\nMachine Learning A-ZÔøΩ: Hands-On Python &amp; R In Data Science\n\nLearn to create Machine Learning Algorithms in‚Ä¶","morolswediu"
"neutral","Assistant Director, Data Science / Director I, Data Science - Boston, Massachusetts - Liberty Mutual Insurance https://t.co/DVpBBPsBpB","actuaryjobtweet"
"neutral","RT @byLilyV: #FEATURED #COURSES\n\nMachine Learning A-ZÔøΩ: Hands-On Python &amp; R In Data Science\n\nLearn to create Machine Learning Algorithms in‚Ä¶","BlkHwk0ps"
"neutral","RT @byLilyV: #FEATURED #COURSES\n\nMachine Learning A-ZÔøΩ: Hands-On Python &amp; R In Data Science\n\nLearn to create Machine Learning Algorithms in‚Ä¶","30xcodes"
"neutral","RT @byLilyV: #FEATURED #COURSES\n\nMachine Learning A-ZÔøΩ: Hands-On Python &amp; R In Data Science\n\nLearn to create Machine Learning Algorithms in‚Ä¶","_codenewbiebot"
"neutral","RT @byLilyV: #FEATURED #COURSES\n\nMachine Learning A-ZÔøΩ: Hands-On Python &amp; R In Data Science\n\nLearn to create Machine Learning Algorithms in‚Ä¶","Damiandata1"
"neutral","RT @byLilyV: #FEATURED #COURSES\n\nMachine Learning A-ZÔøΩ: Hands-On Python &amp; R In Data Science\n\nLearn to create Machine Learning Algorithms in‚Ä¶","Women_who_code"
"neutral","RT @byLilyV: #FEATURED #COURSES\n\nMachine Learning A-ZÔøΩ: Hands-On Python &amp; R In Data Science\n\nLearn to create Machine Learning Algorithms in‚Ä¶","epuujee"
"neutral","RT @byLilyV: #FEATURED #COURSES\n\nMachine Learning A-ZÔøΩ: Hands-On Python &amp; R In Data Science\n\nLearn to create Machine Learning Algorithms in‚Ä¶","undefinedzack"
"neutral","RT @byLilyV: #FEATURED #COURSES\n\nMachine Learning A-ZÔøΩ: Hands-On Python &amp; R In Data Science\n\nLearn to create Machine Learning Algorithms in‚Ä¶","TheDeveloperBot"
"positive","RT @GRHutchinson: Thank you for your comments. This is how science improves, by dialogue and discussion. This time we are in of ‚ÄúI‚Äôm right,‚Ä¶","SigularityHub"
"neutral","#FEATURED #COURSES\n\nMachine Learning A-ZÔøΩ: Hands-On Python &amp; R In Data Science\n\nLearn to create Machine Learning Al‚Ä¶ https://t.co/5EoQHTRLmx","byLilyV"
"neutral","RT @chidirolex: Hello guys, @Speceria is currently expanding her team of Part-Time trainers; \n1) Data Science \n2) Graphics Design \n3) Web A‚Ä¶","UncleOsas_"
"neutral","@DrReddyGI @mfalmeqdadi @GI_Pearls @stevenbollipo @tberzin @jglissenbrown Agreed. We should also take into the acco‚Ä¶ https://t.co/DZd7xJlx74","schmitzruediger"
"neutral","RT @chidirolex: Hello guys, @Speceria is currently expanding her team of Part-Time trainers; \n1) Data Science \n2) Graphics Design \n3) Web A‚Ä¶","SimpleMacSmith"
"neutral","@Dannyjgb1977 @newsjunkieuk @mr_andyhughes @Peston @neil_ferguson The graph produced by the ONS is not \"established‚Ä¶ https://t.co/HElV3wNtRO","TeaJunkie1"
"neutral","RT @chidirolex: Hello guys, @Speceria is currently expanding her team of Part-Time trainers; \n1) Data Science \n2) Graphics Design \n3) Web A‚Ä¶","Donpaterson007"
"neutral","RT @Omkar_Raii: #BigDataAnalytics can play a transformative role in actuarial science by enabling insurance service providers deeper insigh‚Ä¶","GaneshNayakK"
"neutral","@loosechange1058 @brittyknows Johnny doesn't understand science, he only understand \"gotcha.\"\n\nScience means when y‚Ä¶ https://t.co/vmXM0P6ggg","SeanO_Chicago"
"neutral","RT @sunandavashisht: CBI files case against Cambridge Analytica and UK's Global Science Research Ltd for harvesting data of Facebook users‚Ä¶","parashikha"
"neutral","RT @byLilyV: #FEATURED #COURSES \nMachine Learning A-ZÔøΩ: Hands-On Python &amp; R In Data Science\nLearn to create Machine Learning Algorithms in‚Ä¶","webcodebot"
"positive","RT @GRHutchinson: Thank you for your comments. This is how science improves, by dialogue and discussion. This time we are in of ‚ÄúI‚Äôm right,‚Ä¶","Hugsforlife3"
"positive","RT @GRHutchinson: Thank you for your comments. This is how science improves, by dialogue and discussion. This time we are in of ‚ÄúI‚Äôm right,‚Ä¶","SymondsSally"
"neutral","RT @pierslinney: Marketing is increasingly a data driven science. Offline and B2B sales is a profession involving methodologies and skills‚Ä¶","epuujee"
"neutral","Marketing is increasingly a data driven science. Offline and B2B sales is a profession involving methodologies and‚Ä¶ https://t.co/PK2avlrOP5","pierslinney"
"neutral","RT @shyamprasad_n: RT: DataScienceCtrl Explaining Data Science to a Non-Data Scientist by William Vorhies https://t.co/bLRKaPlC8a #dsc_Tech‚Ä¶","epuujee"
"neutral","RT: DataScienceCtrl Explaining Data Science to a Non-Data Scientist by William Vorhies https://t.co/bLRKaPlC8a‚Ä¶ https://t.co/GDJcPW4owC","shyamprasad_n"
"neutral","RT @chidirolex: Hello guys, @Speceria is currently expanding her team of Part-Time trainers; \n1) Data Science \n2) Graphics Design \n3) Web A‚Ä¶","CountLuchino"
"neutral","RT @chidirolex: Hello guys, @Speceria is currently expanding her team of Part-Time trainers; \n1) Data Science \n2) Graphics Design \n3) Web A‚Ä¶","Initheking"
"positive","@olabinjo Nigeria doesn't have a public service positioned for:\n1. Post third industrial revolution\n2. Modern econo‚Ä¶ https://t.co/2Ehwxn86M8","EmekaOkoye"
"neutral","@EmeraldRobinson The data shows Trump is no longer president, there's your so called science","MikeMcMorrow71"
"neutral","RT @byLilyV: #FEATURED #COURSES\n\nMachine Learning A-ZÔøΩ: Hands-On Python &amp; R In Data Science\n\nLearn to create Machine Learning Algorithms in‚Ä¶","CoderRetweet"
"positive","RT @iDikic2: Encouraging and rewarding that numbers of #Covid19  cases drop down steadily in #Croatia after introducing proper measures (No‚Ä¶","viralvideovlogs"
"positive","RT @iDikic2: Encouraging and rewarding that numbers of #Covid19  cases drop down steadily in #Croatia after introducing proper measures (No‚Ä¶","epuujee"
"neutral","RT @byLilyV: #FEATURED #COURSES \nMachine Learning A-ZÔøΩ: Hands-On Python &amp; R In Data Science\nLearn to create Machine Learning Algorithms in‚Ä¶","Damiandata1"
"neutral","RT @byLilyV: #FEATURED #COURSES \nMachine Learning A-ZÔøΩ: Hands-On Python &amp; R In Data Science\nLearn to create Machine Learning Algorithms in‚Ä¶","VincentLeurs"
"positive","RT @iDikic2: Encouraging and rewarding that numbers of #Covid19  cases drop down steadily in #Croatia after introducing proper measures (No‚Ä¶","mery112016"
"neutral","RT @byLilyV: #FEATURED #COURSES \nMachine Learning A-ZÔøΩ: Hands-On Python &amp; R In Data Science\nLearn to create Machine Learning Algorithms in‚Ä¶","morolswediu"
"positive","RT @byLilyV: #FEATURED #COURSES\n\nMachine Learning, Data Science and Deep Learning with Python\n\nComplete hands-on #machine #learning tutoria‚Ä¶","morolswediu"
"neutral","RT @byLilyV: #FEATURED #COURSES \nMachine Learning A-ZÔøΩ: Hands-On Python &amp; R In Data Science\nLearn to create Machine Learning Algorithms in‚Ä¶","BlkHwk0ps"
"neutral","RT @byLilyV: #FEATURED #COURSES \nMachine Learning A-ZÔøΩ: Hands-On Python &amp; R In Data Science\nLearn to create Machine Learning Algorithms in‚Ä¶","xaelbot"
"neutral","RT @byLilyV: #FEATURED #COURSES \nMachine Learning A-ZÔøΩ: Hands-On Python &amp; R In Data Science\nLearn to create Machine Learning Algorithms in‚Ä¶","MasonLasagne"
"neutral","RT @byLilyV: #FEATURED #COURSES \nMachine Learning A-ZÔøΩ: Hands-On Python &amp; R In Data Science\nLearn to create Machine Learning Algorithms in‚Ä¶","30xcodes"
"positive","RT @byLilyV: #FEATURED #COURSES\n\nMachine Learning, Data Science and Deep Learning with Python\n\nComplete hands-on #machine #learning tutoria‚Ä¶","30xcodes"
"positive","RT @GRHutchinson: Thank you for your comments. This is how science improves, by dialogue and discussion. This time we are in of ‚ÄúI‚Äôm right,‚Ä¶","britishbennyboy"
"positive","@Dannyjgb1977 @newsjunkieuk @mr_andyhughes @Peston @neil_ferguson The ONS makes its data publicly available precise‚Ä¶ https://t.co/dUfmP631FM","TeaJunkie1"
"neutral","@PatricktheB @PaulDubuisson @Megavolt1 @imkimaaron @ScientiaPercept @LeannEAF @NaturalBAtheist @VincePopArt‚Ä¶ https://t.co/VenHWRtYBf","RJDownard"
"neutral","RT @byLilyV: #FEATURED #COURSES \nMachine Learning A-ZÔøΩ: Hands-On Python &amp; R In Data Science\nLearn to create Machine Learning Algorithms in‚Ä¶","undefinedzack"
"positive","RT @byLilyV: #FEATURED #COURSES\n\nMachine Learning, Data Science and Deep Learning with Python\n\nComplete hands-on #machine #learning tutoria‚Ä¶","iPythonistaBot"
"positive","RT @byLilyV: #FEATURED #COURSES\n\nMachine Learning, Data Science and Deep Learning with Python\n\nComplete hands-on #machine #learning tutoria‚Ä¶","CodeGnuts"
"neutral","RT @byLilyV: #FEATURED #COURSES \nMachine Learning A-ZÔøΩ: Hands-On Python &amp; R In Data Science\nLearn to create Machine Learning Algorithms in‚Ä¶","epuujee"
"neutral","RT @byLilyV: #FEATURED #COURSES \nMachine Learning A-ZÔøΩ: Hands-On Python &amp; R In Data Science\nLearn to create Machine Learning Algorithms in‚Ä¶","CodeGnuts"
"neutral","RT @byLilyV: #FEATURED #COURSES \nMachine Learning A-ZÔøΩ: Hands-On Python &amp; R In Data Science\nLearn to create Machine Learning Algorithms in‚Ä¶","TheDeveloperBot"
"positive","RT @byLilyV: #FEATURED #COURSES\n\nMachine Learning, Data Science and Deep Learning with Python\n\nComplete hands-on #machine #learning tutoria‚Ä¶","Artificialbra1n"
"neutral","#FEATURED #COURSES \nMachine Learning A-ZÔøΩ: Hands-On Python &amp; R In Data Science\nLearn to create Machine Learning Alg‚Ä¶ https://t.co/adpEdMqglQ","byLilyV"
"positive","RT @TDataScience: Are The New M1 Macbooks Any Good for Data Science? Let‚Äôs Find Out by Dario Radeƒçiƒá  https://t.co/zSK2TKPWwr","epuujee"
"positive","Are The New M1 Macbooks Any Good for Data Science? Let‚Äôs Find Out by Dario Radeƒçiƒá  https://t.co/zSK2TKPWwr","TDataScience"
"positive","RT @ai_summary: Are The New M1 Macbooks Any Good for Data Science? Let‚Äôs Find Out #DataScience https://t.co/4r4dI2UBl8","epuujee"